DateTime,Callsign,Name,QTH,State,Country,Mode,Propagation,Network,Talkgroup,DMR_ID,Comment
2026-10-06 17:21:36,DN9GJP,Graham,Weingarten,Baden-Wuerttemberg,Germany,DMR,INTERNET,Brandmeister,655,2620489,DMR TG 655 via Brandmeister
2026-10-06 17:11:43,ZR1DAS,Dorian,Cape town,Cape,South Africa,DMR,INTERNET,Brandmeister,655,6550089,DMR TG 655 via Brandmeister
2026-10-06 17:23:55,ZS1DOV,Jody,Cape Town,Cape,South Africa,DMR,INTERNET,Brandmeister,655,6550385,DMR TG 655 via Brandmeister
2026-10-06 17:44:29,ZS1GFL,Georg,Kommetjie,Cape,South Africa,DMR,INTERNET,Brandmeister,655,6551011,DMR TG 655 via Brandmeister
2026-10-06 17:30:02,ZS5AJA,Alan,Port Edward,Kwazulu-Natal,South Africa,DMR,INTERNET,Brandmeister,655,6550330,DMR TG 655 via Brandmeister
2026-10-06 17:26:48,ZS5BR,Brian,Waterfall,Kwazulu-Natal,South Africa,DMR,INTERNET,Brandmeister,655,6555011,DMR TG 655 via Brandmeister
2026-10-06 17:26:11,ZS5BWY,Bernard,Hillcrest,Kwazulu-Natal,South Africa,DMR,INTERNET,Brandmeister,655,6555012,DMR TG 655 via Brandmeister
2026-10-06 17:28:05,ZS5ROB,Robin,Kloof KZN,,South Africa,DMR,INTERNET,Brandmeister,655,6550091,DMR TG 655 via Brandmeister
2026-10-06 17:26:01,ZS5X,Sean,Durban,Kwazulu-Natal,South Africa,DMR,INTERNET,Brandmeister,655,6555028,DMR TG 655 via Brandmeister
2026-10-06 17:22:22,ZS5ZG,Jurie,Ramsgate,Kwazulu-Natal,South Africa,DMR,INTERNET,Brandmeister,655,6550366,DMR TG 655 via Brandmeister
2026-10-06 17:03:18,ZS6BVR,Nico,Pretoria,Gauteng,South Africa,DMR,INTERNET,Brandmeister,655,6550430,DMR TG 655 via Brandmeister
